"full_name","From","To","Pos","Ht","Wt","Birth Date","Colleges","player_id"
"Precious Achiuwa",2021,2026,"F","6-8",243,"September 19 1999","Memphis","achiupr01"
"Steven Adams",2014,2026,"C","6-11",265,"July 20 1993","Pitt","adamsst01"
"Bam Adebayo",2018,2026,"C-F","6-9",255,"July 18 1997","Kentucky","adebaba01"
"Ochai Agbaji",2023,2026,"G","6-5",215,"April 20 2000","Kansas","agbajoc01"
"Santi Aldama",2022,2026,"F-C","7-0",215,"January 10 2001","Loyola (MD)","aldamsa01"
"Trey Alexander",2025,2026,"G","6-5",185,"May 2 2003","Creighton","alexatr01"
"Nickeil Alexander-Walker",2020,2026,"G","6-5",205,"September 2 1998","Virginia Tech","alexani01"
"Grayson Allen",2019,2026,"G","6-3",198,"October 8 1995","Duke","allengr01"
"Jarrett Allen",2018,2026,"C-F","6-9",243,"April 21 1998","Texas","allenja01"
"Jose Alvarado",2022,2026,"G","6-0",179,"April 12 1998","Georgia Tech","alvarjo01"
"Kyle Anderson",2015,2026,"F-G","6-8",230,"September 20 1993","UCLA","anderky01"
"Alex Antetokounmpo",2026,2026,"F","6-8",214,"August 27 2001","","antetal01"
"Giannis Antetokounmpo",2014,2026,"F-G","6-11",243,"December 6 1994","","antetgi01"
"Thanasis Antetokounmpo",2016,2026,"F","6-7",219,"July 18 1992","","antetth01"
"Cole Anthony",2021,2026,"G","6-2",185,"May 15 2000","UNC","anthoco01"
"OG Anunoby",2018,2026,"F","6-7",240,"July 17 1997","Indiana","anunoog01"
"Deni Avdija",2021,2026,"G-F","6-8",228,"January 3 2001","","avdijde01"
"Deandre Ayton",2019,2026,"C","7-0",252,"July 23 1998","Arizona","aytonde01"
"Marcus Bagley",2025,2025,"F","6-8",215,"October 23 2001","Arizona State","baglema02"
"Marvin Bagley III",2019,2026,"F-C","6-10",235,"March 14 1999","Duke","baglema01"
"Ace Bailey",2026,2026,"G-F","6-9",200,"August 13 2006","Rutgers University","baileac01"
"Adama-Alpha Bal",2026,2026,"G","6-7",190,"December 18 2003","Arizona Santa Clara","balad01"
"Patrick Baldwin Jr.",2023,2026,"G-F","7-0",220,"November 18 2002","UW-Milwaukee","baldwpa01"
"LaMelo Ball",2021,2026,"G","6-7",180,"August 22 2001","","ballla01"
"Lonzo Ball",2018,2026,"G","6-5",190,"October 27 1997","UCLA","balllo01"
"Mo Bamba",2019,2026,"C","7-0",231,"May 12 1998","Texas","bambamo01"
"Paolo Banchero",2023,2026,"F","6-10",250,"November 12 2002","Duke","banchpa01"
"Desmond Bane",2021,2026,"G","6-6",215,"June 25 1998","TCU","banede01"
"Dalano Banton",2022,2026,"G-F","6-8",203,"November 7 1999","Nebraska","bantoda01"
"Dominick Barlow",2023,2026,"F","6-9",215,"May 26 2003","","barlodo01"
"Harrison Barnes",2013,2026,"F","6-7",225,"May 30 1992","UNC","barneha02"
"Scottie Barnes",2022,2026,"G-F","6-8",237,"August 1 2001","Florida State","barnesc01"
"Brooks Barnhizer",2026,2026,"G","6-5",230,"March 2 2002","Northwestern","barnhbr01"
"RJ Barrett",2020,2026,"G-F","6-6",214,"June 14 2000","Duke","barrerj01"
"Charles Bassey",2022,2026,"C","6-10",230,"October 28 2000","Western Kentucky","bassech01"
"Emoni Bates",2024,2025,"G","6-9",202,"January 28 2004","Memphis Eastern Michigan","batesem01"
"Jamison Battle",2025,2026,"F","6-7",220,"May 10 2001","George Washington Minnesota Ohio State","battlja01"
"Nicolas Batum",2009,2026,"F-G","6-7",230,"December 14 1988","","batumni01"
"Damion Baugh",2025,2025,"G","6-4",194,"August 3 2000","Memphis TCU","baughda01"
"Bradley Beal",2013,2026,"G","6-4",207,"June 28 1993","Florida","bealbr01"
"Malik Beasley",2017,2025,"G","6-4",187,"November 26 1996","Florida State","beaslma01"
"MarJon Beauchamp",2023,2026,"G","6-7",199,"October 12 2000","Yakima Valley Community College","beaucma01"
"Reece Beekman",2025,2025,"G","6-3",190,"October 8 2001","Virginia","beekmre01"
"Joan Beringer",2026,2026,"C","6-11",230,"November 11 2006","","berinjo01"
"Saddiq Bey",2021,2026,"F","6-8",215,"April 9 1999","Villanova","beysa01"
"Goga Bitadze",2020,2026,"C","6-11",250,"July 20 1999","","bitadgo01"
"Bismack Biyombo",2012,2026,"C-F","6-8",255,"August 28 1992","","biyombi01"
"Anthony Black",2024,2026,"G","6-7",200,"January 20 2004","Arkansas","blackan01"
"Leaky Black",2024,2026,"F","6-6",209,"June 14 1999","UNC","blackle01"
"Buddy Boeheim",2023,2026,"G","6-5",205,"November 11 1999","Syracuse","boehebu01"
"Bogdan Bogdanovi\u0107",2018,2026,"G","6-5",225,"August 18 1992","","bogdabo01"
"Bol Bol",2020,2025,"F-C","7-3",220,"November 16 1999","Oregon","bolbo01"
"Adem Bona",2025,2026,"C-F","6-10",235,"March 28 2003","UCLA","bonaad01"
"Devin Booker",2016,2026,"G","6-5",206,"October 30 1996","Kentucky","bookede01"
"Brandon Boston Jr.",2022,2025,"G-F","6-6",188,"November 28 2001","Kentucky","bostobr01"
"Chris Boucher",2018,2026,"F","6-8",200,"January 11 1993","New Mexico Junior College Northwest College Oregon","bouchch01"
"Jamaree Bouyea",2023,2026,"G","6-2",180,"June 27 1999","San Francisco","bouyeja01"
"Tony Bradley",2018,2026,"F-C","6-10",248,"January 8 1998","UNC","bradlto01"
"Malaki Branham",2023,2026,"G","6-4",180,"May 12 2003","Ohio State","branhma01"
"Christian Braun",2023,2026,"G","6-6",220,"April 17 2001","Kansas","braunch01"
"Koby Brea",2026,2026,"G","6-5",215,"November 6 2002","Dayton Kentucky","breako01"
"Jalen Bridges",2025,2025,"F","6-7",225,"May 14 2001","West Virginia Baylor","bridgja01"
"Mikal Bridges",2019,2026,"F-G","6-6",209,"August 30 1996","Villanova","bridgmi01"
"Miles Bridges",2019,2026,"G-F","6-7",225,"March 21 1998","Michigan State","bridgmi02"
"Oshae Brissett",2020,2025,"F","6-7",210,"June 20 1998","Syracuse","brissos01"
"Malcolm Brogdon",2017,2025,"G","6-4",229,"December 11 1992","Virginia","brogdma01"
"Dillon Brooks",2018,2026,"F-G","6-7",225,"January 22 1996","Oregon","brookdi01"
"Keion Brooks Jr.",2025,2025,"F","6-7",210,"August 7 2000","Kentucky Washington","brookke02"
"Johni Broome",2026,2026,"F-C","6-10",235,"July 19 2002","Morehead State University Auburn","broomjo01"
"Bruce Brown",2019,2026,"G-F","6-4",202,"August 15 1996","Miami (FL)","brownbr01"
"Darius Brown II",2026,2026,"G","6-2",192,"July 28 1999","Cal State Northridge Montana State Utah State University","brownda04"
"Jaylen Brown",2017,2026,"F-G","6-6",223,"October 24 1996","California","brownja02"
"Kobe Brown",2024,2026,"G-F","6-7",250,"January 1 2000","Missouri","brownko01"
"Moses Brown",2020,2025,"C","7-2",258,"October 13 1999","UCLA","brownmo01"
"Jalen Brunson",2019,2026,"G","6-2",190,"August 31 1996","Villanova","brunsja01"
"Carter Bryant",2026,2026,"G-F","6-6",220,"November 26 2005","Arizona","bryanca01"
"Thomas Bryant",2018,2026,"C","6-9",248,"July 31 1997","Indiana","bryanth01"
"Kobe Bufkin",2024,2026,"G","6-4",195,"September 21 2003","Michigan","bufkiko01"
"Alec Burks",2012,2025,"G","6-5",214,"July 20 1991","Colorado","burksal01"
"Tyler Burton",2026,2026,"F","6-7",215,"February 11 2000","Richmond Villanova","burtoty01"
"Jared Butler",2022,2025,"G","6-3",193,"August 25 2000","Baylor","butleja02"
"Jimmy Butler",2012,2026,"F-G","6-6",230,"September 14 1989","Tyler Junior College Marquette","butleji01"
"Matas Buzelis",2025,2026,"F","6-8",209,"October 13 2004","","buzelma01"
"Jamal Cain",2023,2026,"F","6-7",191,"March 20 1999","Marquette Oakland","cainja01"
"Kentavious Caldwell-Pope",2014,2026,"G","6-5",204,"February 18 1993","Georgia","caldwke01"
"Toumani Camara",2024,2026,"F","6-7",230,"May 8 2000","Georgia Dayton","camarto01"
"Vlatko \u010can\u010dar",2020,2025,"F","6-8",236,"April 10 1997","","cancavl01"
"Clint Capela",2015,2026,"C","6-10",256,"May 18 1994","","capelca01"
"Dylan Cardwell",2026,2026,"C","6-10",255,"December 16 2001","Auburn","cardwdy01"
"Branden Carlson",2025,2026,"C","7-0",220,"June 14 1999","Utah","carlsbr01"
"Bub Carrington",2025,2026,"G","6-4",190,"July 21 2005","Pitt","carrica01"
"Devin Carter",2025,2026,"G","6-2",195,"March 18 2002","South Carolina Providence","cartede02"
"Jevon Carter",2019,2026,"G","6-0",200,"September 14 1995","West Virginia","carteje01"
"Wendell Carter Jr.",2019,2026,"C","6-10",270,"April 16 1999","Duke","cartewe01"
"D.J. Carton",2024,2025,"G","6-2",200,"August 5 2000","Ohio State Marquette","cartodj01"
"Alex Caruso",2018,2026,"G","6-5",186,"February 28 1994","Texas A&M","carusal01"
"Stephon Castle",2025,2026,"G","6-6",215,"November 1 2004","UConn","castlst01"
"Colin Castleton",2024,2026,"F","6-10",250,"May 25 2000","Michigan Florida","castlco01"
"Julian Champagnie",2023,2026,"F","6-7",217,"June 29 2001","St. John's","champju02"
"Justin Champagnie",2022,2026,"F","6-6",206,"June 29 2001","Pitt","champju01"
"Kennedy Chandler",2023,2026,"G","6-0",170,"September 16 2002","Tennessee","chandke01"
"Ulrich Chomche",2025,2025,"F-C","6-11",235,"December 30 2005","","chomcul01"
"Cam Christie",2025,2026,"G","6-5",190,"July 24 2005","Minnesota","chrisca02"
"Max Christie",2023,2026,"G","6-5",190,"February 10 2003","Michigan State","chrisma02"
"Josh Christopher",2022,2025,"G","6-4",215,"December 8 2001","Arizona State","chrisjo01"
"Moussa Cisse",2026,2026,"C","6-11",220,"September 10 2002","Oklahoma State Ole Miss Memphis","cissemo01"
"Sidy Cissoko",2024,2026,"G","6-6",220,"April 2 2004","","cissosi01"
"Jaylen Clark",2025,2026,"G","6-5",205,"October 13 2001","UCLA","clarkja02"
"Brandon Clarke",2020,2026,"F","6-8",215,"September 19 1996","San Jose State Gonzaga","clarkbr01"
"Jordan Clarkson",2015,2026,"G","6-5",194,"June 7 1992","Tulsa Missouri","clarkjo01"
"Nic Claxton",2020,2026,"C","6-11",215,"April 17 1999","Georgia","claxtni01"
"Walter Clayton",2026,2026,"G","6-4",195,"March 6 2003","Iona College Florida","claytwa01"
"Nique Clifford",2026,2026,"G","6-5",175,"February 9 2002","Colorado Colorado State","cliffni01"
"Donovan Clingan",2025,2026,"C","7-2",280,"February 23 2004","UConn","clingdo01"
"Noah Clowney",2024,2026,"F","6-10",210,"July 14 2004","Alabama","clownno01"
"Amir Coffey",2020,2026,"G","6-7",210,"June 17 1997","Minnesota","coffeam01"
"Isaiah Collier",2025,2026,"G","6-4",210,"October 8 2004","USC","colliis01"
"John Collins",2018,2026,"F","6-9",226,"September 23 1997","Wake Forest","collijo01"
"Yuri Collins",2025,2025,"G","6-0",190,"March 7 2001","Saint Louis","colliyu01"
"Zach Collins",2018,2026,"C-F","6-9",250,"November 19 1997","Gonzaga","colliza01"
"Mike Conley",2008,2026,"G","6-1",175,"October 11 1987","Ohio State","conlemi01"
"Pat Connaughton",2016,2026,"G","6-5",209,"January 6 1993","Notre Dame","connapa01"
"Javonte Cooke",2026,2026,"G","6-6",185,"July 11 1999","University of South Carolina Aiken Mars Hill University Winston-Salem State","cookeja01"
"Sharife Cooper",2022,2026,"G","6-0",176,"June 11 2001","Auburn","coopesh01"
"Bilal Coulibaly",2024,2026,"F","6-7",195,"July 26 2004","","coulibi01"
"Ricky Council IV",2024,2025,"G","6-6",207,"August 3 2001","Wichita State Arkansas","councri01"
"Cedric Coward",2026,2026,"F-G","6-5",206,"September 11 2003","Willamette University Eastern Washington Washington State","cowarce01"
"Torrey Craig",2018,2025,"G-F","6-5",221,"December 19 1990","USC Upstate","craigto01"
"Isaiah Crawford",2025,2026,"F","6-6",220,"November 1 2001","Louisiana Tech","crawfis01"
"Jae Crowder",2013,2025,"F","6-6",235,"July 6 1990","Marquette","crowdja01"
"LJ Cryer",2026,2026,"G","6-1",202,"October 9 2001","Baylor Houston","cryerlj01"
"Cui Yongxi",2025,2025,"G","6-5",190,"May 28 2003","","cuiyo01"
"Cade Cunningham",2022,2026,"G","6-6",220,"September 25 2001","Oklahoma State","cunnica01"
"Seth Curry",2014,2026,"G","6-1",185,"August 23 1990","Liberty Duke","curryse01"
"Stephen Curry",2010,2026,"G","6-2",185,"March 14 1988","Davidson","curryst01"
"Tristan Da Silva",2025,2026,"F","6-8",217,"May 15 2001","Colorado","dasiltr01"
"Pac\u00f4me Dadiet",2025,2026,"F","6-9",210,"July 27 2005","","dadiepa01"
"Dyson Daniels",2023,2026,"G","6-7",199,"March 17 2003","","daniedy01"
"N'Faly Dante",2025,2026,"C","6-11",230,"October 19 2001","Oregon","nfalyda01"
"Anthony Davis",2013,2026,"F-C","6-10",253,"March 11 1993","Kentucky","davisan02"
"Johnny Davis",2023,2025,"G","6-4",195,"February 27 2002","Wisconsin","davisjo06"
"Terence Davis",2020,2025,"G","6-4",201,"May 16 1997","Ole Miss","daviste02"
"JD Davison",2023,2026,"G","6-1",195,"October 3 2002","Alabama","davisjd01"
"DeMar DeRozan",2010,2026,"G-F","6-6",220,"August 7 1989","USC","derozde01"
"RayJ Dennis",2025,2026,"G","6-1",180,"March 30 2001","Boise State Toledo Baylor","dennira01"
"Donte DiVincenzo",2019,2026,"G","6-4",203,"January 31 1997","Villanova","divindo01"
"Moussa Diabat\u00e9",2023,2026,"F","6-10",210,"January 21 2002","Michigan","diabamo01"
"Mohamed Diawara",2026,2026,"F-C","6-9",225,"April 29 2005","","diawamo01"
"Gradey Dick",2024,2026,"G","6-7",200,"November 20 2003","Kansas","dickgr01"
"Hunter Dickinson",2026,2026,"C","7-1",255,"November 25 2000","Michigan Kansas","dickihu01"
"Ousmane Dieng",2023,2026,"F","6-9",185,"May 21 2003","","diengou01"
"Rob Dillingham",2025,2026,"G","6-2",175,"January 4 2005","Kentucky","dilliro01"
"Spencer Dinwiddie",2015,2025,"G","6-5",215,"April 6 1993","Colorado","dinwisp01"
"Egor D\u0451min",2026,2026,"G","6-8",200,"March 3 2006","BYU","demineg01"
"Luka Don\u010di\u0107",2019,2026,"G-F","6-8",230,"February 28 1999","","doncilu01"
"Luguentz Dort",2020,2026,"G","6-4",220,"April 19 1999","Arizona State","dortlu01"
"Ayo Dosunmu",2022,2026,"G","6-4",200,"January 17 2000","Illinois","dosunay01"
"Jeff Dowtin Jr.",2022,2025,"G","6-3",177,"May 10 1997","Rhode Island","dowtije01"
"PJ Dozier",2018,2025,"G","6-6",212,"October 25 1996","South Carolina","doziepj01"
"Andre Drummond",2013,2026,"C","6-11",279,"August 10 1993","UConn","drumman01"
"Chris Duarte",2022,2025,"G","6-5",190,"June 13 1997","Oregon","duartch01"
"Alex Ducas",2025,2025,"G-F","6-7",220,"December 11 2000","Saint Mary's","ducasal01"
"David Duke Jr.",2022,2025,"G","6-4",204,"October 13 1999","Providence","dukeda01"
"Kris Dunn",2017,2026,"G","6-3",205,"March 18 1994","Providence","dunnkr01"
"Ryan Dunn",2025,2026,"F","6-7",216,"January 7 2003","Virginia","dunnry01"
"Kevin Durant",2008,2026,"F-G","6-11",240,"September 29 1988","Texas","duranke01"
"Jalen Duren",2023,2026,"C","6-10",250,"November 18 2003","Memphis","durenja01"
"Tari Eason",2023,2026,"F","6-8",215,"May 10 2001","Cincinnati LSU","easonta01"
"Zach Edey",2025,2026,"C","7-3",305,"May 14 2002","Purdue","edeyza01"
"VJ Edgecombe",2026,2026,"G-F","6-4",180,"July 30 2005","Baylor","edgecvj01"
"Anthony Edwards",2021,2026,"G-F","6-4",225,"August 5 2001","Georgia","edwaran01"
"Jesse Edwards",2025,2025,"C","7-0",236,"March 18 2000","West Virginia Syracuse","edwarje01"
"Justin Edwards",2025,2026,"G","6-7",203,"December 16 2003","Kentucky","edwarju01"
"Kessler Edwards",2022,2025,"F","6-8",203,"August 9 2000","Pepperdine","edwarke02"
"Keon Ellis",2023,2026,"G","6-4",175,"January 8 2000","Florida SouthWestern State College Alabama","elliske01"
"Joel Embiid",2017,2026,"C","7-0",280,"March 16 1994","Kansas","embiijo01"
"Tristan Enaruna",2026,2026,"F","6-7",220,"June 26 2001","Kansas Iowa State Cleveland State University","enarutr01"
"Noa Essengue",2026,2026,"F","6-8",200,"December 18 2006","","essenno01"
"Tyson Etienne",2025,2026,"G","6-0",200,"September 17 1999","Wichita State","etienty01"
"Drew Eubanks",2019,2026,"F","6-10",245,"February 1 1997","Oregon State","eubandr01"
"Tosan Evbuomwan",2024,2026,"F","6-8",217,"February 16 2001","Princeton","evbuoto01"
"Dant\u00e9 Exum",2015,2025,"G","6-5",214,"July 13 1995","","exumda01"
"Jeremiah Fears",2026,2026,"G","6-3",190,"October 14 2006","Oklahoma","fearsje01"
"Bruno Fernando",2020,2025,"F","6-9",240,"August 15 1998","Maryland","fernabr01"
"Kyle Filipowski",2025,2026,"F-C","6-11",250,"November 7 2003","Duke","filipky01"
"Dorian Finney-Smith",2017,2026,"F","6-7",220,"May 4 1993","Florida","finnedo01"
"Cooper Flagg",2026,2026,"F-G","6-9",205,"December 21 2006","Duke","flaggco01"
"Adam Flagler",2024,2025,"G","6-1",180,"December 1 1999","Presbyterian College Baylor","flaglad01"
"Rasheer Fleming",2026,2026,"F","6-9",240,"July 10 2004","Saint Joseph's","flemira01"
"Trentyn Flowers",2025,2026,"G-F","6-9",185,"March 8 2005","","flowetr01"
"Malachi Flynn",2021,2025,"G","6-1",185,"May 10 1998","Washington State San Diego State","flynnma01"
"Simone Fontecchio",2023,2026,"F","6-7",209,"December 9 1995","","fontesi01"
"De'Aaron Fox",2018,2026,"G","6-3",185,"December 20 1997","Kentucky","foxde01"
"Enrique Freeman",2025,2026,"F","6-9",220,"July 29 2000","University of Akron","freemen01"
"Markelle Fultz",2018,2026,"G","6-4",209,"May 29 1998","Washington","fultzma01"
"Johnny Furphy",2025,2026,"G-F","6-8",200,"December 8 2004","Kansas","furphjo01"
"Daniel Gafford",2020,2026,"C-F","6-10",265,"October 1 1998","Arkansas","gaffoda01"
"Andersson Garcia",2026,2026,"G","6-7",220,"August 23 2000","Mississippi State Texas A&M","garcian01"
"Myron Gardner",2026,2026,"G","6-5",220,"May 21 2001","South Plains College Georgetown Little Rock","gardnmy01"
"Darius Garland",2020,2026,"G","6-1",192,"January 26 2000","Vanderbilt","garlada01"
"Marcus Garrett",2022,2025,"G","6-5",205,"November 9 1998","Kansas","garrema01"
"Luka Garza",2022,2026,"F-C","6-10",243,"December 27 1998","Iowa","garzalu01"
"Keyonte George",2024,2026,"G","6-4",185,"November 8 2003","Baylor","georgke01"
"Kyshawn George",2025,2026,"G","6-8",200,"December 12 2003","Miami (FL)","georgky01"
"Paul George",2011,2026,"F-G","6-8",220,"May 2 1990","Fresno State","georgpa01"
"Taj Gibson",2010,2026,"F-C","6-9",232,"June 24 1985","USC","gibsota01"
"Josh Giddey",2022,2026,"G","6-7",216,"October 10 2002","","giddejo01"
"Keshon Gilbert",2026,2026,"G","6-4",200,"June 30 2003","UNLV Iowa State","gilbeke01"
"Shai Gilgeous-Alexander",2019,2026,"G","6-6",195,"July 12 1998","Kentucky","gilgesh01"
"Anthony Gill",2021,2026,"F","6-7",230,"October 17 1992","South Carolina Virginia","gillan01"
"Collin Gillespie",2024,2026,"G","6-1",195,"June 25 1999","Villanova","gilleco01"
"Rudy Gobert",2014,2026,"C","7-1",258,"June 26 1992","","goberru01"
"Vladislav Goldin",2026,2026,"F-C","7-0",250,"May 12 2001","Texas Tech Florida Atlantic University Michigan","goldivl01"
"Hugo Gonz\u00e1lez",2026,2026,"G-F","6-6",200,"February 5 2006","","gonzahu01"
"Jordan Goodwin",2022,2026,"G","6-3",215,"October 23 1998","Saint Louis","goodwjo01"
"Aaron Gordon",2015,2026,"F","6-8",235,"September 16 1995","Arizona","gordoaa01"
"Eric Gordon",2009,2026,"G-F","6-3",215,"December 25 1988","Indiana","gordoer01"
"Jazian Gortman",2025,2025,"G","6-2",184,"April 14 2003","","gortmja01"
"Jerami Grant",2015,2026,"F","6-7",213,"March 12 1994","Syracuse","grantje01"
"Hayden Gray",2026,2026,"G","6-4",190,"May 11 2003","UC San Diego","grayha01"
"A.J. Green",2023,2026,"G","6-4",190,"September 27 1999","University of Northern Iowa","greenaj01"
"Draymond Green",2013,2026,"F","6-6",230,"March 4 1990","Michigan State","greendr01"
"Jalen Green",2022,2026,"G","6-4",186,"February 9 2002","","greenja05"
"Javonte Green",2020,2026,"F","6-5",205,"July 23 1993","Radford","greenja02"
"Jeff Green",2008,2026,"F","6-8",235,"August 28 1986","Georgetown","greenje02"
"Josh Green",2021,2026,"G-F","6-6",200,"November 16 2000","Arizona","greenjo02"
"Quentin Grimes",2022,2026,"G-F","6-4",210,"May 8 2000","Kansas Houston","grimequ01"
"Mouhamadou Gueye",2024,2026,"F","6-9",210,"July 6 1998","Monroe Community College Stony Brook University Pitt","gueyemo01"
"Mouhamed Gueye",2024,2026,"F","6-11",210,"November 9 2002","Washington State","gueyemo02"
"Rui Hachimura",2020,2026,"F","6-8",230,"February 8 1998","Gonzaga","hachiru01"
"Tyrese Haliburton",2021,2025,"G","6-5",185,"February 29 2000","Iowa State","halibty01"
"PJ Hall",2025,2026,"F","6-8",245,"February 21 2002","Clemson","hallpj01"
"Yang Hansen",2026,2026,"C","7-1",270,"June 26 2005","","yangha01"
"Tim Hardaway Jr.",2014,2026,"G","6-5",205,"March 16 1992","Michigan","hardati02"
"James Harden",2010,2026,"G","6-5",220,"August 26 1989","Arizona State","hardeja01"
"Jaden Hardy",2023,2026,"G","6-3",198,"July 5 2002","","hardyja02"
"Elijah Harkless",2025,2026,"G","6-3",195,"February 3 2000","Cal State Northridge Oklahoma UNLV","harklej01"
"Dylan Harper",2026,2026,"G","6-5",215,"March 2 2006","Rutgers University","harpedy01"
"Ron Harper Jr.",2023,2026,"G-F","6-5",233,"April 12 2000","Rutgers University","harpero02"
"Gary Harris",2015,2026,"G","6-4",210,"September 14 1994","Michigan State","harriga01"
"Tobias Harris",2012,2026,"F","6-8",226,"July 15 1992","Tennessee","harrito02"
"Josh Hart",2018,2026,"F-G","6-5",215,"March 6 1995","Villanova","hartjo01"
"Isaiah Hartenstein",2019,2026,"C-F","7-0",250,"May 5 1998","","harteis01"
"Sam Hauser",2022,2026,"F","6-7",217,"December 8 1997","Marquette Virginia","hausesa01"
"Jordan Hawkins",2024,2026,"G","6-5",190,"April 29 2002","UConn","hawkijo01"
"Jaxson Hayes",2020,2026,"F","7-0",220,"May 23 2000","Texas","hayesja02"
"Killian Hayes",2021,2026,"G","6-4",195,"July 27 2001","","hayeski01"
"Nigel Hayes-Davis",2018,2026,"F","6-7",254,"December 16 1994","Wisconsin","hayesni01"
"Scoot Henderson",2024,2026,"G","6-3",207,"February 3 2004","","hendesc01"
"Taylor Hendricks",2024,2026,"F","6-9",215,"November 22 2003","Central Florida","hendrta01"
"Chucky Hepburn",2026,2026,"G","6-0",190,"February 9 2003","Wisconsin Louisville","hepbuch01"
"Tyler Herro",2020,2026,"G","6-5",195,"January 20 2000","Kentucky","herroty01"
"Buddy Hield",2017,2026,"G-F","6-4",220,"December 17 1992","Oklahoma","hieldbu01"
"Haywood Highsmith",2019,2026,"F","6-5",220,"December 9 1996","Wheeling University","highsha01"
"Blake Hinson",2026,2026,"F","6-8",240,"December 26 1999","Ole Miss Iowa State Pitt","hinsobl01"
"Aaron Holiday",2019,2026,"G","6-0",185,"September 30 1996","UCLA","holidaa01"
"Jrue Holiday",2010,2026,"G","6-4",220,"June 12 1990","UCLA","holidjr01"
"Ron Holland",2025,2026,"F","6-8",206,"July 7 2005","","hollaro01"
"DaRon Holmes",2026,2026,"F","6-9",225,"August 15 2002","Dayton","holmeda01"
"Richaun Holmes",2016,2025,"C-F","6-9",235,"October 15 1993","Bowling Green","holmeri01"
"Chet Holmgren",2024,2026,"F-C","7-1",208,"May 1 2002","Gonzaga","holmgch01"
"Jalen Hood-Schifino",2024,2025,"G","6-5",210,"June 19 2003","Indiana","hoodsja01"
"Al Horford",2008,2026,"C-F","6-8",240,"June 3 1986","Florida","horfoal01"
"Talen Horton-Tucker",2020,2025,"G-F","6-4",234,"November 25 2000","Iowa State","hortota01"
"Caleb Houstan",2023,2026,"G-F","6-8",205,"January 9 2003","Michigan","houstca01"
"Jett Howard",2024,2026,"G","6-8",215,"September 14 2003","Michigan","howarje01"
"Kevin Huerter",2019,2026,"G","6-6",198,"August 27 1998","Maryland","huertke01"
"Jay Huff",2022,2026,"C-F","7-1",240,"August 25 1998","Virginia","huffja01"
"Ariel Hukporti",2025,2026,"C","7-0",246,"April 12 2002","","hukpoar01"
"De'Andre Hunter",2020,2026,"F","6-7",221,"December 2 1997","Virginia","huntede01"
"CJ Huntley",2026,2026,"F","6-9",190,"January 6 2002","Appalachian State University","huntlcj01"
"Bones Hyland",2022,2026,"G","6-2",169,"September 14 2000","VCU","hylanbo01"
"Oso Ighodaro",2025,2026,"F","6-11",235,"July 14 2002","Marquette","ighodos01"
"Joe Ingles",2015,2026,"F-G","6-8",220,"October 2 1987","","inglejo01"
"Brandon Ingram",2017,2026,"F","6-8",190,"September 2 1997","Duke","ingrabr01"
"Harrison Ingram",2025,2026,"F","6-5",230,"November 27 2002","Stanford UNC","ingraha01"
"Kyrie Irving",2012,2025,"G","6-2",195,"March 23 1992","Duke","irvinky01"
"Jonathan Isaac",2018,2026,"F","6-10",230,"October 3 1997","Florida State","isaacjo01"
"Jaden Ivey",2023,2026,"G","6-3",195,"February 13 2002","Purdue","iveyja01"
"Andre Jackson Jr.",2024,2026,"G","6-6",209,"November 13 2001","UConn","jacksan01"
"GG Jackson II",2024,2026,"F","6-9",210,"December 17 2004","South Carolina","jacksgg01"
"Isaiah Jackson",2022,2026,"C-F","6-8",205,"January 10 2002","Kentucky","jacksis01"
"Jaren Jackson Jr.",2019,2026,"F","6-10",242,"September 15 1999","Michigan State","jacksja02"
"Quenton Jackson",2023,2026,"G","6-4",173,"September 15 1998","Texas A&M","jacksqu01"
"Reggie Jackson",2012,2025,"G","6-2",208,"April 16 1990","Boston College","jacksre01"
"Trayce Jackson-Davis",2024,2026,"F","6-9",245,"February 22 2000","Indiana","jackstr02"
"Kasparas Jaku\u010dionis",2026,2026,"G","6-5",200,"May 29 2006","Illinois","jakucka01"
"Bronny James",2025,2026,"G","6-2",210,"October 6 2004","USC","jamesbr02"
"LeBron James",2004,2026,"F-G","6-9",250,"December 30 1984","","jamesle01"
"Sion James",2026,2026,"G","6-5",220,"December 4 2002","Tulane Duke","jamessi01"
"Jaime Jaquez Jr.",2024,2026,"G-F","6-6",225,"February 18 2001","UCLA","jaqueja01"
"DeJon Jarreau",2022,2026,"G","6-5",185,"January 23 1998","UMass Houston","jarrede01"
"DaQuan Jeffries",2020,2026,"G-F","6-5",222,"August 30 1997","Oral Roberts Tulsa","jeffrda01"
"Trey Jemison",2024,2026,"C","6-10",270,"November 28 1999","Clemson UAB","jemistr01"
"Daniss Jenkins",2025,2026,"G","6-4",165,"August 17 2001","University of the Pacific Odessa College Iona College St. John's","jenkida01"
"Ty Jerome",2020,2026,"G","6-5",195,"July 8 1997","Virginia","jeromty01"
"Isaiah Joe",2021,2026,"G","6-4",165,"July 2 1999","Arkansas","joeis01"
"AJ Johnson",2025,2026,"G","6-5",160,"December 1 2004","","johnsaj01"
"Cameron Johnson",2020,2026,"F","6-8",210,"March 3 1996","Pitt UNC","johnsca02"
"Chaney Johnson",2026,2026,"G","6-7",220,"June 20 2002","Auburn","johnsch06"
"Jalen Johnson",2022,2026,"F","6-8",219,"December 18 2001","Duke","johnsja05"
"James Johnson",2010,2025,"F","6-7",240,"February 20 1987","Wake Forest","johnsja01"
"Keldon Johnson",2020,2026,"G","6-6",220,"October 11 1999","Kentucky","johnske04"
"Keon Johnson",2022,2025,"G","6-5",185,"March 10 2002","Tennessee","johnske07"
"Keshad Johnson",2025,2026,"F","6-6",225,"June 23 2001","San Diego State Arizona","johnske10"
"Tre Johnson",2026,2026,"G","6-5",190,"March 7 2006","Texas","johnstr03"
"Nikola Joki\u0107",2016,2026,"C-F","6-11",284,"February 19 1995","","jokicni01"
"Colby Jones",2024,2026,"G","6-6",207,"May 28 2002","Xavier","jonesco02"
"Curtis Jones",2026,2026,"G","6-3",195,"December 4 2001","Indian Hills Community College Buffalo Iowa State","jonescu01"
"Derrick Jones Jr.",2017,2026,"F","6-6",210,"February 15 1997","UNLV","jonesde02"
"Dillon Jones",2025,2026,"F","6-5",235,"October 29 2001","Weber State","jonesdi01"
"Herbert Jones",2022,2026,"F","6-7",206,"October 6 1998","Alabama","joneshe01"
"Isaac Jones",2025,2026,"F","6-8",245,"July 11 2000","Wenatchee Valley College Idaho Washington State","jonesis01"
"Kai Jones",2022,2025,"F-C","6-11",221,"January 19 2001","Texas","joneska01"
"Kam Jones",2026,2026,"G","6-4",200,"February 25 2002","Marquette","joneska03"
"Mason Jones",2021,2025,"G","6-4",200,"July 21 1998","Connors State College Arkansas","jonesma05"
"Spencer Jones",2025,2026,"F","6-7",225,"June 14 2001","Stanford","jonessp01"
"Tre Jones",2021,2026,"G","6-1",185,"January 8 2000","Duke","jonestr01"
"Tyus Jones",2016,2026,"G","6-0",196,"May 10 1996","Duke","jonesty01"
"David Jones Garc\u00eda",2026,2026,"F","6-4",210,"November 24 2001","DePaul St. John's Memphis","jonesda06"
"DeAndre Jordan",2009,2026,"C","6-11",265,"July 21 1988","Texas A&M","jordade01"
"Cory Joseph",2012,2025,"G","6-2",200,"August 20 1991","Texas","josepco01"
"Nikola Jovi\u0107",2023,2026,"G-F","6-10",205,"June 9 2003","","jovicni01"
"Johnny Juzang",2023,2026,"G","6-7",226,"March 17 2001","Kentucky UCLA","juzanjo01"
"Ryan Kalkbrenner",2026,2026,"C","7-1",256,"January 17 2002","Creighton","kalkbry01"
"Yuki Kawamura",2025,2026,"G","5-7",159,"May 2 2001","","kawamyu01"
"Trevor Keels",2023,2026,"G","6-3",215,"August 26 2003","Duke","keelstr01"
"Kylor Kelley",2025,2025,"F","7-0",215,"August 26 1997","Oregon State","kelleky01"
"Miles Kelly",2026,2026,"G","6-4",190,"January 26 2003","Georgia Tech Auburn","kellymi02"
"Luke Kennard",2018,2026,"G","6-5",206,"June 24 1996","Duke","kennalu01"
"Jayson Kent",2026,2026,"F","6-8",215,"February 3 2002","Bradley Indiana State University Texas","kentja01"
"Walker Kessler",2023,2026,"C","7-2",245,"July 26 2001","UNC Auburn","kesslwa01"
"Braxton Key",2022,2025,"F","6-7",225,"February 14 1997","Alabama Virginia","keybr01"
"Corey Kispert",2022,2026,"G-F","6-6",224,"March 3 1999","Gonzaga","kispeco01"
"Maxi Kleber",2018,2026,"F","6-10",240,"January 29 1992","","klebima01"
"Bobi Klintman",2025,2026,"F","6-9",225,"March 6 2003","Wake Forest","klintbo01"
"Dalton Knecht",2025,2026,"G","6-6",215,"April 19 2001","Northeastern Junior College University of Northern Colorado Tennessee","knechda01"
"Kevin Knox",2019,2025,"F","6-8",215,"August 11 1999","Kentucky","knoxke01"
"Kon Knueppel",2026,2026,"G-F","6-6",215,"August 3 2005","Duke","knuepko01"
"Tyler Kolek",2025,2026,"G","6-2",195,"March 27 2001","George Mason Marquette","kolekty01"
"Christian Koloko",2023,2026,"C","6-11",225,"June 20 2000","Arizona","kolokch01"
"Yanic Konan Niederh\u00e4user",2026,2026,"F","6-11",242,"March 14 2003","Northern Illinois Penn State","konanya01"
"John Konchar",2020,2026,"G","6-5",210,"March 22 1996","Purdue-Fort Wayne","konchjo01"
"Luke Kornet",2018,2026,"C-F","7-1",250,"July 15 1995","Vanderbilt","kornelu01"
"V\u00edt Krej\u010d\u00ed",2022,2026,"G","6-8",195,"June 19 2000","","krejcvi01"
"Jonathan Kuminga",2022,2026,"F","6-7",225,"October 6 2002","","kuminjo01"
"Kyle Kuzma",2018,2026,"F","6-8",221,"July 24 1995","Utah","kuzmaky01"
"Jake LaRavia",2023,2026,"F","6-7",235,"November 3 2001","Indiana State University Wake Forest","laravja01"
"Zach LaVine",2015,2026,"G-F","6-5",200,"March 10 1995","UCLA","lavinza01"
"Skal Labissi\u00e8re",2017,2026,"F","6-10",235,"March 18 1996","Kentucky","labissk01"
"Jock Landale",2022,2026,"C","6-11",255,"October 25 1995","Saint Mary's","landajo01"
"Chaz Lanier",2026,2026,"G","6-3",206,"December 19 2001","University of North Florida Tennessee","laniech01"
"Pelle Larsson",2025,2026,"G","6-5",215,"February 23 2001","Utah Arizona","larsspe01"
"A.J. Lawson",2023,2026,"G","6-6",179,"July 15 2000","South Carolina","lawsoaj01"
"Caris LeVert",2017,2026,"G-F","6-7",205,"August 25 1994","Michigan","leverca01"
"Damion Lee",2018,2025,"G","6-6",210,"October 21 1992","Drexel Louisville","leeda03"
"Alex Len",2014,2025,"C","7-0",250,"June 16 1993","Maryland","lenal01"
"Kawhi Leonard",2012,2026,"F","6-6",225,"June 29 1991","San Diego State","leonaka01"
"Malevy Leons",2025,2026,"F","6-9",210,"September 23 1999","Mineral Area College Bradley","leonsma01"
"Maxwell Lewis",2024,2025,"F","6-7",215,"July 27 2002","Pepperdine","lewisma05"
"E.J. Liddell",2024,2026,"F","6-6",240,"December 18 2000","Ohio State","liddeej01"
"Damian Lillard",2013,2025,"G","6-2",200,"July 15 1990","Weber State","lillada01"
"Dereck Lively II",2024,2026,"C","7-1",230,"February 12 2004","Duke","livelde01"
"Isaiah Livers",2022,2026,"F","6-6",232,"July 28 1998","Michigan","liveris01"
"Chris Livingston",2024,2026,"F","6-6",220,"October 15 2003","Kentucky","livinch01"
"Kevon Looney",2016,2026,"F-C","6-9",222,"February 6 1996","UCLA","looneke01"
"Brook Lopez",2009,2026,"C","7-1",282,"April 1 1988","Stanford","lopezbr01"
"Caleb Love",2026,2026,"G","6-3",212,"September 27 2001","UNC Arizona","loveca01"
"Kevin Love",2009,2026,"F-C","6-10",251,"September 7 1988","UCLA","loveke01"
"Lawson Lovering",2026,2026,"C","7-0",245,"May 9 2003","Colorado Utah","loverla01"
"Kyle Lowry",2007,2026,"G","6-0",196,"March 25 1986","Villanova","lowryky01"
"Trey Lyles",2016,2025,"F","6-9",234,"November 5 1995","Kentucky","lylestr01"
"Khaman Maluach",2026,2026,"C","7-1",250,"September 14 2006","Duke","maluakh01"
"Sandro Mamukelashvili",2022,2026,"C-F","6-9",240,"May 23 1999","Seton Hall","mamuksa01"
"Terance Mann",2020,2026,"G-F","6-6",215,"October 18 1996","Florida State","mannte01"
"Tre Mann",2022,2026,"G","6-4",178,"February 3 2001","Florida","manntr01"
"Chris Ma\u00f1on",2026,2026,"G","6-4",209,"December 9 2001","Cornell Vanderbilt","manonch01"
"Lauri Markkanen",2018,2026,"F-C","7-1",240,"May 22 1997","Arizona","markkla01"
"Naji Marshall",2021,2026,"F","6-6",220,"January 24 1998","Xavier","marshna01"
"Alijah Martin",2026,2026,"G","6-2",210,"December 26 2001","Florida Atlantic University Florida","martial01"
"Caleb Martin",2020,2026,"F","6-5",205,"September 28 1995","NC State Nevada","martica02"
"Cody Martin",2020,2026,"G-F","6-6",205,"September 28 1995","NC State Nevada","martico01"
"Jaylen Martin",2025,2025,"F","6-6",216,"January 28 2004","","martija02"
"KJ Martin",2021,2025,"F","6-6",215,"January 6 2001","","martike04"
"Tyrese Martin",2023,2026,"G","6-6",215,"March 7 1999","Rhode Island UConn","martity01"
"Jahmai Mashack",2026,2026,"G","6-4",203,"November 10 2002","Tennessee","mashaja01"
"Garrison Mathews",2020,2026,"G","6-5",215,"October 24 1996","Lipscomb","mathega01"
"Bennedict Mathurin",2023,2026,"G-F","6-5",210,"June 19 2002","Arizona","mathube01"
"Karlo Matkovi\u0107",2025,2026,"F-C","6-10",231,"March 30 2001","","matkoka01"
"Tyrese Maxey",2021,2026,"G","6-2",200,"November 4 2000","Kentucky","maxeyty01"
"Bez Mbeng",2026,2026,"G","6-4",185,"May 2 2003","Yale","mbengbe01"
"Miles McBride",2022,2026,"G","6-2",195,"September 8 2000","West Virginia","mcbrimi01"
"Jared McCain",2025,2026,"G","6-3",195,"February 20 2004","Duke","mccaija01"
"Mac McClung",2022,2026,"G","6-2",185,"January 6 1999","Georgetown Texas Tech","mccluma01"
"CJ McCollum",2014,2026,"G","6-3",190,"September 19 1991","Lehigh","mccolcj01"
"T.J. McConnell",2016,2026,"G","6-1",190,"March 25 1992","Duquesne Arizona","mccontj01"
"Kevin McCullar Jr.",2025,2026,"G","6-6",210,"March 15 2001","Texas Tech Kansas","mcculke01"
"Jaden McDaniels",2021,2026,"F","6-9",185,"September 29 2000","Washington","mcdanja02"
"Jalen McDaniels",2020,2025,"F","6-9",205,"January 31 1998","San Diego State","mcdanja01"
"Doug McDermott",2015,2026,"F","6-7",225,"January 3 1992","Creighton","mcderdo01"
"Bryce McGowens",2023,2026,"G-F","6-6",190,"November 8 2002","Nebraska","mcgowbr01"
"Jordan McLaughlin",2020,2026,"G","5-11",185,"April 9 1996","USC","mclaujo01"
"Liam McNeeley",2026,2026,"G-F","6-7",210,"October 10 2005","UConn","mcneeli01"
"Jack McVeigh",2025,2025,"F","6-8",215,"June 27 1996","Nebraska","mcveija01"
"De'Anthony Melton",2019,2026,"G","6-2",200,"May 28 1998","USC","meltode01"
"Sam Merrill",2021,2026,"G","6-4",205,"May 15 1996","Utah State University","merrisa01"
"Vasilije Mici\u0107",2024,2025,"G","6-3",188,"January 13 1994","","micicva01"
"Khris Middleton",2013,2026,"F-G","6-7",222,"August 12 1991","Texas A&M","middlkh01"
"Brandon Miller",2024,2026,"F-G","6-7",200,"November 22 2002","Alabama","millebr02"
"Emanuel Miller",2025,2026,"F","6-5",215,"June 19 2000","Texas A&M TCU","milleem01"
"Jordan Miller",2024,2026,"G","6-5",194,"January 23 2000","George Mason Miami (FL)","millejo02"
"Leonard Miller",2024,2026,"F","6-10",220,"November 26 2003","","millele01"
"Patty Mills",2010,2025,"G","6-2",180,"August 11 1988","Saint Mary's","millspa02"
"Shake Milton",2019,2025,"G","6-5",205,"September 26 1996","SMU","miltosh01"
"Justin Minaya",2023,2025,"F","6-5",205,"March 26 1999","South Carolina Providence","minayju01"
"Riley Minix",2025,2026,"G","6-7",230,"September 22 2000","Southeastern University Morehead State University","minixri01"
"Josh Minott",2023,2026,"F","6-8",205,"November 25 2002","Memphis","minotjo01"
"Yves Missi",2025,2026,"C","6-11",235,"May 14 2004","Baylor","missiyv01"
"Ajay Mitchell",2025,2026,"G","6-4",190,"June 25 2002","UC Santa Barbara","mitchaj01"
"Davion Mitchell",2022,2026,"G","6-0",202,"September 5 1998","Auburn Baylor","mitchda01"
"Donovan Mitchell",2018,2026,"G","6-2",215,"September 7 1996","Louisville","mitchdo01"
"Evan Mobley",2022,2026,"F-C","6-11",215,"June 18 2001","USC","mobleev01"
"Isaiah Mobley",2023,2025,"F","6-8",238,"September 24 1999","USC","mobleis01"
"Jonathan Mogbo",2025,2026,"F","6-9",225,"October 29 2001","Missouri State San Francisco","mogbojo01"
"Malik Monk",2018,2026,"G","6-3",200,"February 4 1998","Kentucky","monkma01"
"Moses Moody",2022,2026,"G","6-5",211,"May 31 2002","Arkansas","moodymo01"
"Taze Moore",2024,2025,"G","6-5",195,"June 29 1998","Cal State-Bakersfield Houston","mooreta02"
"Wendell Moore Jr.",2023,2026,"G-F","6-5",215,"September 18 2001","Duke","moorewe01"
"Alex Morales",2026,2026,"G","6-6",180,"November 21 1997","Prince George Community College Wagner College","moralal01"
"Ja Morant",2020,2026,"G","6-2",174,"August 10 1999","Murray State","moranja01"
"Markieff Morris",2012,2025,"F","6-9",245,"September 2 1989","Kansas","morrima02"
"Monte Morris",2018,2026,"G","6-2",183,"June 27 1995","Iowa State","morrimo01"
"Trey Murphy III",2022,2026,"F","6-8",206,"June 18 2000","Rice University Virginia","murphtr02"
"Dejounte Murray",2017,2026,"G","6-4",180,"September 19 1996","Washington","murrade01"
"Jamal Murray",2017,2026,"G","6-4",215,"February 23 1997","Kentucky","murraja01"
"Keegan Murray",2023,2026,"F","6-8",225,"August 19 2000","Iowa","murrake02"
"Kris Murray",2024,2026,"F","6-8",218,"August 19 2000","Iowa","murrakr01"
"Collin Murray-Boyles",2026,2026,"F","6-7",245,"June 10 2005","South Carolina","murraco01"
"Svi Mykhailiuk",2019,2026,"G-F","6-7",205,"June 10 1997","Kansas","mykhasv01"
"Larry Nance Jr.",2016,2026,"F-C","6-6",245,"January 1 1993","Wyoming","nancela02"
"Pete Nance",2024,2026,"F","6-9",225,"February 19 2000","Northwestern UNC","nancepe01"
"Grant Nelson",2026,2026,"F","7-0",215,"March 18 2002","North Dakota State University Alabama","nelsogr02"
"Andrew Nembhard",2023,2026,"G","6-4",191,"January 16 2000","Florida Gonzaga","nembhan01"
"Ryan Nembhard",2026,2026,"G","5-11",180,"March 10 2003","Creighton Gonzaga","nembhry01"
"Aaron Nesmith",2021,2026,"G-F","6-5",215,"October 16 1999","Vanderbilt","nesmiaa01"
"Asa Newell",2026,2026,"F","6-10",220,"October 5 2005","Georgia","newelas01"
"Tristen Newton",2025,2026,"G","6-5",190,"April 26 2001","East Carolina University UConn","newtotr01"
"Georges Niang",2017,2025,"F","6-6",230,"June 17 1993","Iowa State","niangge01"
"Daishen Nix",2022,2025,"G","6-3",226,"February 13 2002","","nixda01"
"Zeke Nnaji",2021,2026,"F","6-10",240,"January 9 2001","Arizona","nnajize01"
"Miles Norris",2025,2025,"F","6-7",220,"April 15 2000","Oregon City College of San Francisco UC Santa Barbara","norrimi01"
"Jaylen Nowell",2020,2025,"G","6-4",201,"July 9 1999","Washington","nowelja01"
"Jusuf Nurki\u0107",2015,2026,"C","6-11",290,"August 23 1994","","nurkiju01"
"Royce O'Neale",2018,2026,"F","6-6",226,"June 5 1993","Denver Baylor","onealro01"
"Josh Oduro",2026,2026,"F","6-9",240,"October 14 2000","George Mason Providence","odurojo01"
"Jahlil Okafor",2016,2025,"C-F","6-10",270,"December 15 1995","Duke","okafoja01"
"Toby Okani",2026,2026,"F","6-8",210,"October 5 2001","Duquesne University of Illinois at Chicago West Virginia","okanito01"
"Chuma Okeke",2021,2025,"F","6-7",229,"August 18 1998","Auburn","okekech01"
"Josh Okogie",2019,2026,"G","6-4",213,"September 1 1998","Georgia Tech","okogijo01"
"Onyeka Okongwu",2021,2026,"C-F","6-10",240,"December 11 2000","USC","okongon01"
"Isaac Okoro",2021,2026,"G-F","6-4",225,"January 26 2001","Auburn","okorois01"
"Lachlan Olbrich",2026,2026,"F-C","6-8",236,"December 30 2003","University of California Riverside","olbrila01"
"Quincy Olivari",2025,2025,"G","6-2",201,"May 27 2001","Rice University Xavier","olivaqu01"
"Kelly Olynyk",2014,2026,"C-F","7-0",240,"April 19 1991","Gonzaga","olynyke01"
"Norchad Omier",2026,2026,"F","6-5",248,"August 28 2001","Arkansas State University Miami (FL) Baylor","omierno01"
"Kelly Oubre Jr.",2016,2026,"F","6-8",203,"December 9 1995","Kansas","oubreke01"
"Chris Paul",2006,2026,"G","6-0",175,"May 6 1985","Wake Forest","paulch01"
"Cameron Payne",2016,2026,"G","6-2",183,"August 8 1994","Murray State","payneca01"
"Elfrid Payton",2015,2025,"G","6-3",195,"February 22 1994","Louisiana","paytoel01"
"Gary Payton II",2017,2026,"G","6-2",195,"December 1 1992","Oregon State","paytoga02"
"Micah Peavy",2026,2026,"G","6-7",215,"July 16 2001","Texas Tech TCU Georgetown","peavymi01"
"Sean Pedulla",2026,2026,"G","6-1",195,"October 10 2002","Virginia Tech Ole Miss","pedulse01"
"Noah Penda",2026,2026,"G-F","6-7",215,"January 7 2005","","pendano01"
"Taelon Peter",2026,2026,"G","6-3",185,"February 27 2002","Tennessee Technological University Arkansas Tech University Liberty","peterta01"
"Drew Peterson",2024,2026,"G","6-8",205,"November 9 1999","Rice University USC","peterdr01"
"Julian Phillips",2024,2026,"F","6-6",198,"November 5 2003","Tennessee","phillju01"
"Jalen Pickett",2024,2026,"G","6-2",202,"October 22 1999","Siena College Penn State","pickeja02"
"Scotty Pippen Jr.",2023,2026,"G","6-2",170,"November 10 2000","Vanderbilt","pippesc02"
"Daeqwon Plowden",2025,2026,"G","6-4",216,"August 29 1998","Bowling Green","plowdda01"
"Mason Plumlee",2014,2026,"C-F","7-0",254,"March 5 1990","Duke","plumlma01"
"Brandin Podziemski",2024,2026,"G","6-4",205,"February 25 2003","Illinois Santa Clara","podzibr01"
"Jakob Poeltl",2017,2026,"C","7-0",253,"October 15 1995","Utah","poeltja01"
"Jordan Poole",2020,2026,"G","6-4",194,"June 19 1999","Michigan","poolejo01"
"Craig Porter Jr.",2024,2026,"G","6-1",180,"February 26 2000","Vincennes University Wichita State","portecr01"
"Kevin Porter Jr.",2020,2026,"G","6-5",203,"May 4 2000","USC","porteke02"
"Michael Porter Jr.",2020,2026,"F","6-10",218,"June 29 1998","Missouri","portemi01"
"Bobby Portis",2016,2026,"F-C","6-9",250,"February 10 1995","Arkansas","portibo01"
"Kristaps Porzi\u0146\u0123is",2016,2026,"C-F","7-2",240,"August 2 1995","","porzikr01"
"Quinten Post",2025,2026,"F","7-0",238,"March 21 2000","Mississippi State Boston College","postqu01"
"Micah Potter",2022,2026,"C","6-9",248,"April 6 1998","Ohio State Wisconsin","pottemi01"
"John Poulakidas",2026,2026,"G","6-6",205,"April 4 2003","Yale","poulajo01"
"Drake Powell",2026,2026,"G-F","6-5",195,"September 8 2005","UNC","poweldr01"
"Dwight Powell",2015,2026,"F-C","6-10",240,"July 20 1991","Stanford","poweldw01"
"Norman Powell",2016,2026,"G","6-3",215,"May 25 1993","UCLA","powelno01"
"Taurean Prince",2017,2026,"F","6-6",218,"March 22 1994","Baylor","princta02"
"Payton Pritchard",2021,2026,"G","6-1",195,"January 28 1998","Oregon","pritcpa01"
"Tyrese Proctor",2026,2026,"G","6-4",185,"April 1 2004","Duke","proctty01"
"Olivier-Maxence Prosper",2024,2026,"F","6-7",230,"July 3 2002","Clemson Marquette","prospol01"
"Zyon Pullin",2025,2026,"G","6-4",206,"March 3 2001","University of California Riverside Florida","pullizy01"
"Derik Queen",2026,2026,"F-C","6-9",250,"December 27 2004","Maryland","queende01"
"Trevelin Queen",2022,2025,"G","6-5",190,"February 25 1997","College of Marin New Mexico Military Institute New Mexico State","queentr01"
"Neemias Queta",2022,2026,"C","7-0",248,"July 13 1999","Utah State University","quetane01"
"Immanuel Quickley",2021,2026,"G","6-2",190,"June 17 1999","Kentucky","quickim01"
"Lester Qui\u00f1ones",2023,2025,"G","6-5",208,"November 16 2000","Memphis","quinole01"
"Julius Randle",2015,2026,"F-C","6-9",250,"November 29 1994","Kentucky","randlju01"
"Maxime Raynaud",2026,2026,"F","7-1",250,"April 7 2003","Stanford","raynama01"
"Duop Reath",2024,2026,"C","6-9",245,"June 26 1996","Lee College LSU","reathdu01"
"Austin Reaves",2022,2026,"G","6-5",197,"May 29 1998","Wichita State Oklahoma","reaveau01"
"Cam Reddish",2020,2025,"F","6-7",230,"September 1 1999","Duke","reddica01"
"Paul Reed",2021,2026,"C-F","6-9",210,"June 14 1999","DePaul","reedpa01"
"Alex Reese",2025,2025,"F","6-9",245,"May 21 1999","Alabama","reeseal01"
"Julian Reese",2026,2026,"F","6-9",230,"June 30 2003","Maryland","reeseju01"
"Antonio Reeves",2025,2026,"G","6-5",205,"November 20 2000","Illinois State Kentucky","reevean01"
"Naz Reid",2020,2026,"F","6-9",264,"August 26 1999","LSU","reidna01"
"Jared Rhoden",2023,2025,"G","6-5",210,"August 27 1999","Seton Hall","rhodeja01"
"Will Richard",2026,2026,"G","6-3",206,"December 24 2002","Belmont Florida","richawi02"
"Nick Richards",2021,2026,"F-C","6-11",245,"November 29 1997","Kentucky","richani01"
"Jase Richardson",2026,2026,"G","6-1",180,"October 16 2005","Michigan State","richaja02"
"Josh Richardson",2016,2025,"G","6-5",200,"September 15 1993","Tennessee","richajo01"
"Kadary Richmond",2026,2026,"G","6-5",205,"August 25 2001","Syracuse Seton Hall St. John's","richmka01"
"Will Riley",2026,2026,"F","6-9",180,"February 10 2006","Illinois","rileywi01"
"Zaccharie Risacher",2025,2026,"F","6-8",200,"April 8 2005","","risacza01"
"Liam Robbins",2025,2025,"F","7-0",250,"July 12 1999","Drake University Minnesota Vanderbilt","robbili01"
"Duncan Robinson",2019,2026,"G-F","6-7",215,"April 22 1994","Williams Michigan","robindu01"
"Mitchell Robinson",2019,2026,"C","7-0",240,"April 1 1998","Western Kentucky","robinmi01"
"Orlando Robinson",2023,2026,"F","6-10",235,"July 10 2000","Fresno State","robinor01"
"Jeremiah Robinson-Earl",2022,2026,"F","6-9",240,"November 3 2000","Villanova","robinje02"
"David Roddy",2023,2026,"F","6-5",255,"March 27 2001","Colorado State","roddyda01"
"Ryan Rollins",2023,2026,"G","6-3",180,"July 3 2002","Toledo","rolliry01"
"Jackson Rowe",2025,2025,"F","6-6",210,"January 4 1997","Cal State Fullerton","roweja01"
"Terry Rozier",2016,2025,"G","6-1",190,"March 17 1994","Louisville","roziete01"
"Rayan Rupert",2024,2026,"G","6-7",205,"May 31 2004","","ruperra01"
"D'Angelo Russell",2016,2026,"G","6-3",193,"February 23 1996","Ohio State","russeda01"
"Cormac Ryan",2026,2026,"G","6-5",195,"October 26 1998","Stanford Notre Dame UNC","ryanco01"
"Matt Ryan",2022,2025,"F","6-6",215,"April 17 1997","Notre Dame Vanderbilt Chattanooga","ryanma01"
"Domantas Sabonis",2017,2026,"C-F","6-10",240,"May 3 1996","Gonzaga","sabondo01"
"Tidjane Sala\u00fcn",2025,2026,"F","6-10",207,"August 10 2005","","salauti01"
"Hunter Sallis",2026,2026,"G","6-4",185,"March 26 2003","Gonzaga Wake Forest","sallihu01"
"Kobe Sanders",2026,2026,"G","6-8",207,"May 30 2002","Cal Poly Nevada","sandeko01"
"Payton Sandfort",2026,2026,"G","6-7",215,"December 4 2002","Iowa","sandfpa01"
"Adama Sanogo",2024,2025,"F","6-9",245,"February 12 2002","UConn","sanogad01"
"Gui Santos",2024,2026,"F","6-7",185,"June 22 2002","","santogu01"
"Ben Saraf",2026,2026,"G","6-6",200,"April 14 2006","","sarafbe01"
"Dario \u0160ari\u0107",2017,2026,"F-C","6-10",225,"April 8 1994","","saricda01"
"Alex Sarr",2025,2026,"F","7-0",205,"April 26 2005","","sarral01"
"Olivier Sarr",2022,2026,"C","6-10",240,"February 20 1999","Wake Forest Kentucky","sarrol01"
"Marcus Sasser",2024,2026,"G","6-1",195,"September 21 2000","Houston","sassema01"
"Baylor Scheierman",2025,2026,"G","6-6",205,"September 26 2000","South Dakota State Creighton","scheiba01"
"Dennis Schr\u00f6der",2014,2026,"G","6-1",175,"September 15 1993","","schrode01"
"Tre Scott",2022,2026,"F","6-8",225,"November 25 1996","Cincinnati","scotttr01"
"Mark Sears",2026,2026,"G","6-0",185,"February 19 2002","Ohio University Alabama","searsma01"
"Alperen \u015eeng\u00fcn",2022,2026,"C-F","6-11",243,"July 25 2002","","sengual01"
"Brice Sensabaugh",2024,2026,"F","6-6",235,"October 30 2003","Ohio State","sensabr01"
"Collin Sexton",2019,2026,"G","6-3",190,"January 4 1999","Alabama","sextoco01"
"Landry Shamet",2019,2026,"G","6-5",190,"March 13 1997","Wichita State","shamela01"
"Terrence Shannon Jr.",2025,2026,"G","6-6",215,"July 30 2000","Texas Tech Illinois","shannte01"
"Day'Ron Sharpe",2022,2026,"C","6-10",265,"November 6 2001","UNC","sharpda01"
"Shaedon Sharpe",2023,2026,"G","6-5",210,"May 30 2003","Kentucky","sharpsh01"
"Jamal Shead",2025,2026,"G","6-1",200,"June 24 2002","Houston","sheadja01"
"Ben Sheppard",2024,2026,"G","6-6",190,"July 16 2001","Belmont","sheppbe01"
"Reed Sheppard",2025,2026,"G","6-2",185,"June 24 2004","Kentucky","sheppre01"
"Max Shulga",2026,2026,"G","6-4",210,"June 25 2002","Utah State University VCU","shulgma01"
"Pascal Siakam",2017,2026,"F-C","6-8",245,"April 2 1994","New Mexico State","siakapa01"
"Ben Simmons",2018,2025,"G-F","6-10",240,"July 20 1996","LSU","simmobe01"
"Anfernee Simons",2019,2026,"G","6-3",200,"June 8 1999","","simonan01"
"KJ Simpson",2025,2026,"G","6-2",189,"August 8 2002","Colorado","simpskj01"
"Jaylen Sims",2025,2025,"G","6-6",210,"December 11 1998","UNC Wilmington","simsja01"
"Jericho Sims",2022,2026,"F-C","6-10",250,"October 20 1998","Texas","simsje01"
"Jalen Slawson",2024,2026,"F","6-7",215,"October 22 1999","Furman University","slawsja01"
"Javon Small",2026,2026,"G","6-1",190,"December 19 2002","East Carolina University Oklahoma State West Virginia","smallja01"
"Marcus Smart",2015,2026,"G","6-3",220,"March 6 1994","Oklahoma State","smartma01"
"Dru Smith",2023,2026,"G","6-2",203,"December 30 1997","University of Evansville Missouri","smithdr01"
"Jabari Smith Jr.",2023,2026,"F-C","6-11",220,"May 13 2003","Auburn","smithja05"
"Jalen Smith",2021,2026,"F","6-8",215,"March 16 2000","Maryland","smithja04"
"Malachi Smith",2026,2026,"G","6-4",205,"December 6 1999","Wright State University Chattanooga Gonzaga","smithma02"
"Nick Smith Jr.",2024,2026,"G","6-2",185,"April 18 2004","Arkansas","smithni01"
"Tolu Smith",2025,2026,"F","6-11",254,"July 26 2000","Western Kentucky Mississippi State","smithto05"
"Tyler Smith",2025,2026,"F","6-9",224,"November 2 2004","","smithty02"
"Jeremy Sochan",2023,2026,"F-G","6-8",230,"May 20 2003","Baylor","sochaje01"
"Cam Spencer",2025,2026,"G","6-3",205,"April 6 2000","Loyola (MD) Rutgers University UConn","spencca01"
"Pat Spencer",2024,2026,"G","6-2",205,"July 4 1996","Loyola (MD) Northwestern","spencpa01"
"Jaden Springer",2022,2025,"G","6-4",202,"September 25 2002","Tennessee","sprinja01"
"Isaiah Stevens",2025,2026,"G","5-11",185,"November 1 2000","Colorado State","steveis01"
"Lamar Stevens",2021,2025,"F","6-7",230,"July 9 1997","Penn State","stevela01"
"Isaiah Stewart",2021,2026,"F-C","6-8",250,"May 22 2001","Washington","stewais01"
"Julian Strawther",2024,2026,"F","6-6",205,"April 18 2002","Gonzaga","strawju01"
"Max Strus",2020,2026,"G","6-5",215,"March 28 1996","Lewis (IL) DePaul","strusma01"
"Jalen Suggs",2022,2026,"G","6-5",205,"June 3 2001","Gonzaga","suggsja01"
"Cole Swider",2023,2025,"F","6-10",220,"May 8 1999","Villanova Syracuse","swideco01"
"Jae'Sean Tate",2021,2026,"F","6-4",230,"October 28 1995","Ohio State","tateja01"
"Jayson Tatum",2018,2026,"F","6-8",210,"March 3 1998","Duke","tatumja01"
"Terry Taylor",2022,2025,"G-F","6-5",230,"September 23 1999","Austin Peay State University","taylote01"
"Jahmyl Telfort",2026,2026,"G","6-7",225,"April 30 2001","Northeastern University Butler","telfoja01"
"Garrett Temple",2010,2026,"G","6-5",195,"May 8 1986","LSU","templga01"
"Dalen Terry",2023,2026,"G","6-6",195,"July 12 2002","Arizona","terryda01"
"Daniel Theis",2018,2025,"C","6-8",245,"April 4 1992","","theisda01"
"Adou Thiero",2026,2026,"G-F","6-7",220,"May 8 2004","Kentucky Arkansas","thierad01"
"Cam Thomas",2022,2026,"G","6-3",210,"October 13 2001","LSU","thomaca02"
"Amen Thompson",2024,2026,"G-F","6-7",200,"January 30 2003","","thompam01"
"Ausar Thompson",2024,2026,"G","6-7",205,"January 30 2003","","thompau01"
"Ethan Thompson",2026,2026,"G","6-4",195,"May 4 1999","Oregon State","thompet01"
"Klay Thompson",2012,2026,"G-F","6-5",220,"February 8 1990","Washington State","thompkl01"
"Tristan Thompson",2012,2025,"F-C","6-9",254,"March 13 1991","Texas","thomptr01"
"JT Thor",2022,2025,"F","6-9",203,"August 26 2002","Auburn","thorjt01"
"Matisse Thybulle",2020,2026,"G","6-5",202,"March 4 1997","Washington","thybuma01"
"Xavier Tillman Sr.",2021,2026,"F","6-8",245,"January 12 1999","Michigan State","tillmxa01"
"Drew Timme",2025,2026,"F","6-9",235,"September 9 2000","Gonzaga","timmedr01"
"Nae'Qwan Tomlin",2025,2026,"F","6-8",210,"December 10 2000","Monroe Community College Chipola College Kansas State Memphis","tomlina01"
"John Tonje",2026,2026,"G","6-4",218,"April 23 2001","Colorado State Missouri Wisconsin","tonjejo01"
"Nikola Topi\u0107",2026,2026,"G","6-6",200,"August 10 2005","","topicni01"
"Jacob Toppin",2024,2026,"F","6-9",200,"May 8 2000","Rhode Island Kentucky","toppija01"
"Obi Toppin",2021,2026,"F","6-9",220,"March 4 1998","Dayton","toppiob01"
"Karl-Anthony Towns",2016,2026,"C-F","7-0",248,"November 15 1995","Kentucky","townska01"
"Armel Traor\u00e9",2025,2025,"F","6-9",246,"January 23 2003","","armeltr01"
"Nolan Traor\u00e9",2026,2026,"G","6-3",185,"May 28 2006","","traorno01"
"Luke Travers",2025,2026,"G","6-6",207,"September 3 2001","","travelu01"
"Gary Trent Jr.",2019,2026,"G","6-5",204,"January 18 1999","Duke","trentga02"
"Oscar Tshiebwe",2024,2026,"F","6-8",255,"November 27 1999","West Virginia Kentucky","tshieos01"
"P.J. Tucker",2007,2025,"F","6-5",245,"May 5 1985","Texas","tuckepj01"
"Myles Turner",2016,2026,"C-F","6-11",250,"March 24 1996","Texas","turnemy01"
"Hunter Tyson",2024,2026,"F","6-8",215,"June 13 2000","Clemson","tysonhu01"
"Jaylon Tyson",2025,2026,"G","6-6",215,"December 2 2002","Texas Texas Tech California","tysonja01"
"Stanley Umude",2023,2026,"G","6-6",210,"April 12 1999","South Dakota Arkansas","umudest01"
"Jonas Valan\u010di\u016bnas",2013,2026,"C","6-11",265,"May 6 1992","","valanjo01"
"Fred VanVleet",2017,2025,"G","6-0",197,"February 25 1994","Wichita State","vanvlfr01"
"Jarred Vanderbilt",2019,2026,"F","6-8",214,"April 3 1999","Kentucky","vandeja01"
"Devin Vassell",2021,2026,"G-F","6-5",200,"August 23 2000","Florida State","vassede01"
"Gabe Vincent",2020,2026,"G","6-2",200,"June 14 1996","UC Santa Barbara","vincega01"
"Nikola Vu\u010devi\u0107",2012,2026,"C","6-9",260,"October 24 1990","USC","vucevni01"
"Tristan Vukcevic",2024,2026,"F-C","7-0",220,"March 11 2003","","vukcetr01"
"Dean Wade",2020,2026,"F","6-9",228,"November 20 1996","Kansas State","wadede01"
"Franz Wagner",2022,2026,"G-F","6-10",220,"August 27 2001","Michigan","wagnefr01"
"Moritz Wagner",2019,2026,"F-C","6-11",245,"April 26 1997","Michigan","wagnemo01"
"Jabari Walker",2023,2026,"F-C","6-7",237,"July 30 2002","Colorado","walkeja01"
"Jarace Walker",2024,2026,"F","6-7",235,"September 4 2003","Houston","walkeja02"
"Lonnie Walker IV",2019,2025,"G","6-4",204,"December 14 1998","Miami (FL)","walkelo01"
"Cason Wallace",2024,2026,"G","6-3",195,"November 7 2003","Kentucky","wallaca01"
"Keaton Wallace",2025,2026,"G","6-3",185,"February 26 1999","Texas-San Antonio","wallake01"
"Jordan Walsh",2024,2026,"G-F","6-6",205,"March 3 2004","Arkansas","walshjo01"
"Ja'Kobe Walter",2025,2026,"G","6-4",180,"September 4 2004","Baylor","walteja01"
"Kel'el Ware",2025,2026,"C","7-0",230,"April 20 2004","Oregon Indiana","wareke01"
"P.J. Washington",2020,2026,"F","6-7",230,"August 23 1998","Kentucky","washipj01"
"TyTy Washington Jr.",2023,2026,"G","6-3",195,"November 15 2001","Kentucky","washity02"
"Lindy Waters III",2022,2026,"G","6-5",210,"July 28 1997","Oklahoma State","waterli01"
"Trendon Watford",2022,2026,"F","6-8",237,"November 9 2000","LSU","watfotr01"
"Jamir Watkins",2026,2026,"F-G","6-6",210,"July 6 2001","VCU Florida State","watkija01"
"Anton Watson",2025,2025,"F","6-8",225,"October 6 2000","Gonzaga","watsoan02"
"Peyton Watson",2023,2026,"G-F","6-8",200,"September 11 2002","UCLA","watsope01"
"Jaylen Wells",2025,2026,"F","6-7",206,"August 26 2003","Sonoma State University Washington State","wellsja01"
"Victor Wembanyama",2024,2026,"C-F","7-4",235,"January 4 2004","","wembavi01"
"Blake Wesley",2023,2026,"G","6-4",190,"March 16 2003","Notre Dame","weslebl01"
"Russell Westbrook",2009,2026,"G","6-4",200,"November 12 1988","UCLA","westbru01"
"Phillip Wheeler",2025,2025,"F","6-8",185,"April 23 2002","","wheelph02"
"Coby White",2020,2026,"G","6-4",195,"February 16 2000","UNC","whiteco01"
"Derrick White",2018,2026,"G","6-4",190,"July 2 1994","Colorado-Colorado Springs Colorado","whitede01"
"Dariq Whitehead",2024,2026,"F","6-6",220,"August 1 2004","Duke","whiteda01"
"Cam Whitmore",2024,2026,"F","6-6",230,"July 8 2004","Villanova","whitmca01"
"Aaron Wiggins",2022,2026,"G","6-5",190,"January 2 1999","Maryland","wiggiaa01"
"Andrew Wiggins",2015,2026,"F-G","6-6",197,"February 23 1995","Kansas","wiggian01"
"Alondes Williams",2023,2026,"G","6-4",210,"June 19 1999","Triton College Oklahoma Wake Forest","willial06"
"Amari Williams",2026,2026,"F","6-11",250,"January 28 2002","Drexel Kentucky","william01"
"Brandon Williams",2022,2026,"G","6-1",190,"November 22 1999","Arizona","willibr03"
"Cody Williams",2025,2026,"G-F","6-8",190,"November 20 2004","Colorado","willico04"
"Grant Williams",2020,2026,"F","6-7",236,"November 30 1998","Tennessee","willigr01"
"Jalen Williams",2023,2026,"G","6-5",211,"April 14 2001","Santa Clara","willija06"
"Jaylin Williams",2023,2026,"F","6-9",240,"June 29 2002","Arkansas","willija07"
"Kenrich Williams",2019,2026,"G-F","6-7",210,"December 2 1994","TCU","willike04"
"Mark Williams",2023,2026,"C","7-1",240,"December 16 2001","Duke","willima07"
"Nate Williams",2023,2026,"G","6-5",205,"February 12 1999","Buffalo","willije02"
"Patrick Williams",2021,2026,"F","6-6",215,"Augusthorjt01.t 26 2001","Florida State","willipa01"
"Robert Williams",2019,2026,"C-F","6-9",249,"October 17 1997","Texas A&M","williro04"
"Vince Williams Jr.",2023,2026,"F","6-4",205,"August 30 2000","VCU","willivi01"
"Ziaire Williams",2022,2026,"F","6-9",185,"September 12 2001","Stanford","willizi02"
"Lucas Williamson",2026,2026,"G","6-4",205,"January 28 1999","Loyola Chicago","willilu01"
"Zion Williamson",2020,2026,"F-C","6-6",284,"July 6 2000","Duke","willizi01"
"Jalen Wilson",2024,2026,"F","6-6",220,"November 4 2000","Kansas","wilsoja03"
"James Wiseman",2021,2026,"C","6-11",240,"March 31 2001","Memphis","wisemja01"
"Danny Wolf",2026,2026,"F-C","6-11",250,"May 5 2004","Yale Michigan","wolfda01"
"Isaiah Wong",2024,2025,"G","6-3",185,"January 28 2001","Miami (FL)","wongis01"
"Delon Wright",2016,2025,"G","6-4",185,"April 26 1992","Utah","wrighde01"
"Guerschon Yabusele",2018,2026,"F-C","6-7",265,"December 17 1995","","yabusgu01"
"Jahmir Young",2025,2026,"G","6-0",185,"October 7 2000","UNC Charlotte Maryland","youngja05"
"Trae Young",2019,2026,"G","6-2",164,"September 19 1998","Oklahoma","youngtr01"
"Chris Youngblood",2026,2026,"G","6-4",221,"February 9 2002","Kennesaw State University South Florida Alabama","youngch01"
"Omer Yurtseven",2022,2026,"C","6-11",275,"June 19 1998","NC State Georgetown","yurtsom01"
"Rocco Zikarsky",2026,2026,"C","7-3",227,"July 11 2006","","zikarro01"
"Ivica Zubac",2017,2026,"C","7-0",240,"March 18 1997","","zubaciv01"